,genre,budget,runtime,year,month,revenue
235,Fantasy,97250400,116.0,2008,1,132900000
849,Crime,55000000,141.0,2008,1,113020255
1413,Drama,35000000,101.0,2008,1,32483410
1560,Comedy,30000000,111.0,2008,1,160259319
1606,Comedy,30000000,84.0,2008,1,84646831
1826,Action,25000000,85.0,2008,1,170764026
336,Adventure,90000000,95.0,2008,2,162839667
419,Adventure,85000000,88.0,2008,2,222231186
551,Romance,70000000,112.0,2008,2,111231041
847,Comedy,0,91.0,2008,2,33472850
1178,Drama,40000000,90.0,2008,2,151161491
1240,Drama,35000000,115.0,2008,2,0
1703,Comedy,28000000,99.0,2008,2,92380927
1746,Comedy,35000000,114.0,2008,2,43650785
1815,Action,25000000,93.0,2008,2,226830568
795,Comedy,58000000,114.0,2008,3,41299492
1228,Comedy,40000000,102.0,2008,3,0
1370,Drama,35000000,123.0,2008,3,69823199
1428,Action,35000000,85.0,2008,3,25871834
1491,Action,30000000,108.0,2008,3,22211426
1923,Drama,25000000,113.0,2008,3,11207130
68,Action,140000000,126.0,2008,4,585174222
836,Action,55000000,104.0,2008,4,127906624
1331,Adventure,37000000,96.0,2008,4,100076342
1572,Comedy,30000000,111.0,2008,4,105173115
1574,Comedy,30000000,99.0,2008,4,63833449
1903,Drama,8000000,91.0,2008,4,0
15,Adventure,225000000,150.0,2008,5,419651413
53,Adventure,185000000,122.0,2008,5,786636033
225,Action,120000000,135.0,2008,5,93945766
1207,Comedy,40000000,101.0,2008,5,84601681
1938,Drama,25000000,121.0,2008,5,19844979
57,Animation,180000000,98.0,2008,6,521311860
174,Science Fiction,150000000,114.0,2008,6,163712074
181,Adventure,130000000,90.0,2008,6,631744560
361,Comedy,90000000,113.0,2008,6,201596308
437,Action,80000000,110.0,2008,6,230685453
512,Action,75000000,110.0,2008,6,258270008
682,Comedy,62000000,87.0,2008,6,41819064
723,Thriller,60000000,91.0,2008,6,163403799
65,Drama,185000000,152.0,2008,7,1004558444
71,Adventure,145000000,112.0,2008,7,401128639
115,Fantasy,150000000,92.0,2008,7,624029371
420,Adventure,85000000,120.0,2008,7,160388063
639,Comedy,65000000,98.0,2008,7,128107642
778,Comedy,60000000,90.0,2008,7,50650079
886,Comedy,52000000,108.0,2008,7,609841637
1044,Action,45000000,93.0,2008,7,101702060
1298,Adventure,80341000,150.0,2008,7,127814609
1354,Animation,37000000,81.0,2008,7,63800345
1422,Drama,30000000,104.0,2008,7,68369434
1471,Animation,41677699,100.0,2008,7,187479518
353,Action,92000000,107.0,2008,8,188072649
658,Action,45000000,105.0,2008,8,73762516
1083,Action,70000000,101.0,2008,8,72108608
1096,Action,45000000,99.0,2008,8,42487390
1410,Horror,35000000,110.0,2008,8,72436439
1754,Adventure,27000000,117.0,2008,8,44352417
1783,Action,27000000,111.0,2008,8,101624843
1861,Romance,25000000,97.0,2008,8,70442940
447,na,80000000,118.0,2008,9,178066569
761,Action,60000000,101.0,2008,9,73174566
1094,Drama,45000000,160.0,2008,9,9323833
1330,Comedy,37000000,96.0,2008,9,163720069
1644,Thriller,30000000,130.0,2008,9,31148328
1763,Drama,0,110.0,2008,9,0
1970,Comedy,24000000,102.0,2008,9,42105111
11,Adventure,200000000,106.0,2008,10,586090727
120,na,150000000,89.0,2008,10,603900354
622,Action,70000000,128.0,2008,10,113280098
1322,Adventure,55000000,90.0,2008,10,17869048
1325,Drama,40000000,130.0,2008,10,9793496
1398,Action,35000000,100.0,2008,10,85416905
1687,Drama,0,122.0,2008,10,0
1739,Comedy,27000000,110.0,2008,10,17286299
1774,Comedy,25000000,104.0,2008,10,6673422
1814,Drama,25100000,131.0,2008,10,29506464
100,Fantasy,150000000,166.0,2008,11,333932083
130,Animation,150000000,98.0,2008,11,309979994
192,Drama,130000000,165.0,2008,11,49554002
440,Comedy,80000000,88.0,2008,11,163733697
1268,Comedy,0,103.0,2008,11,0
1337,Adventure,37000000,122.0,2008,11,392616625
360,Drama,75000000,121.0,2008,12,200276000
443,Fantasy,80000000,99.0,2008,12,212874442
454,Drama,80000000,104.0,2008,12,233093859
689,Comedy,60000000,115.0,2008,12,244082376
734,Adventure,60000000,93.0,2008,12,50877145
781,Adventure,60000000,106.0,2008,12,57490374
782,Action,60000000,103.0,2008,12,39031337
865,Drama,55000000,123.0,2008,12,168167691
913,Comedy,70000000,104.0,2008,12,225990978
1081,Drama,35000000,119.0,2008,12,75225693
1277,Adventure,40000000,94.0,2008,12,0
1341,Action,36500000,115.0,2008,12,21834845
1450,Action,20500000,102.0,2008,12,10089373
1492,Drama,32000000,124.0,2008,12,113019290
1813,Drama,33000000,116.0,2008,12,269958228
522,Comedy,35000000,100.0,2009,1,73034460
1390,Fantasy,35000000,92.0,2009,1,91353501
1576,Comedy,30000000,89.0,2009,1,114663461
1777,Action,26000000,91.0,2009,1,183293131
1796,Drama,26000000,104.0,2009,1,43318349
722,Animation,60000000,100.0,2009,2,124596398
975,Drama,50000000,118.0,2009,2,60161391
1001,Action,50000000,97.0,2009,2,12764201
1162,Comedy,40000000,129.0,2009,2,177259441
67,Animation,175000000,94.0,2009,3,381509870
163,Action,130000000,163.0,2009,3,185258983
751,Romance,78146652,125.0,2009,3,60000000
898,Adventure,50000000,130.0,2009,3,709827462
922,Action,50000000,121.0,2009,3,155446362
931,Adventure,50000000,98.0,2009,3,106303988
1179,Comedy,41000000,105.0,2009,3,91636986
1184,Comedy,20000000,102.0,2009,3,136267476
1444,Drama,35000000,105.0,2009,3,27409889
1598,Horror,30000000,99.0,2009,3,90810892
122,Adventure,150000000,107.0,2009,4,373062864
750,Action,60000000,127.0,2009,4,87784194
763,Drama,60000000,109.0,2009,4,31720158
1004,Drama,50000000,116.0,2009,4,36348784
1561,Comedy,35000000,102.0,2009,4,155545279
1652,Action,100000000,85.0,2009,4,0
1950,na,0,82.0,2009,4,0
43,Action,200000000,115.0,2009,5,371353001
66,Animation,175000000,96.0,2009,5,735099082
121,Adventure,150000000,105.0,2009,5,413106170
128,Thriller,150000000,138.0,2009,5,356613439
158,Science Fiction,150000000,127.0,2009,5,385680446
617,Adventure,70000000,127.0,2009,5,39041505
1464,Drama,0,100.0,2009,5,0
1880,Action,0,83.0,2009,5,0
35,Science Fiction,150000000,150.0,2009,6,836297228
283,Thriller,100000000,106.0,2009,6,150166126
306,Adventure,100000000,102.0,2009,6,68688831
348,Animation,90000000,94.0,2009,6,886686817
748,Comedy,60000000,97.0,2009,6,62357900
857,Comedy,55000000,107.0,2009,6,0
1150,Comedy,40000000,108.0,2009,6,317375031
1356,Comedy,35000000,100.0,2009,6,459270619
1745,Drama,30000000,109.0,2009,6,95714875
8,Adventure,250000000,153.0,2009,7,933959197
131,Fantasy,150000000,88.0,2009,7,292817841
280,na,80000000,140.0,2009,7,214104620
552,Comedy,75000000,146.0,2009,7,61458982
1086,Adventure,45000000,86.0,2009,7,57881056
1130,Comedy,42000000,83.0,2009,7,0
1300,Comedy,38000000,96.0,2009,7,205298907
76,Adventure,175000000,118.0,2009,8,302469017
571,Drama,70000000,153.0,2009,8,319131050
1168,Romance,40000000,123.0,2009,8,129540499
1186,Horror,40000000,82.0,2009,8,186167139
1291,Drama,39000000,107.0,2009,8,101229792
1554,Science Fiction,30000000,112.0,2009,8,210819611
1617,Action,30000000,79.0,2009,8,48428063
1766,Horror,27000000,109.0,2009,8,29000000
347,Animation,100000000,90.0,2009,9,242988466
476,Action,80000000,89.0,2009,9,122444772
542,Action,0,84.0,2009,9,5802422
705,Comedy,70000000,113.0,2009,9,171844840
963,Action,40000000,99.0,2009,9,60462347
994,Action,50000000,95.0,2009,9,40828540
1271,Action,33000000,108.0,2009,9,20645327
1445,Action,40000000,101.0,2009,9,12206028
1565,Drama,25000000,109.0,2009,9,163670000
1673,Comedy,0,91.0,2009,9,0
1705,na,0,120.0,2009,9,0
1902,Thriller,30000000,115.0,2009,9,33333531
1946,Drama,25000000,122.0,2009,9,10589102
59,Action,200000000,158.0,2009,10,769653595
293,na,100000000,101.0,2009,10,100086793
489,na,0,84.0,2009,10,19406406
674,Animation,65000000,94.0,2009,10,44091067
719,na,60000000,111.0,2009,10,0
879,Drama,53000000,109.0,2009,10,126690726
1140,Action,33000000,100.0,2009,10,14000000
1257,Adventure,40000000,87.0,2009,10,46471023
1266,Adventure,40000000,109.0,2009,10,28169671
1642,Horror,26000000,104.0,2009,10,0
1658,Adventure,30000000,123.0,2009,10,64352607
1972,Comedy,24000000,93.0,2009,10,68729358
1988,Comedy,23600000,88.0,2009,10,102391382
60,Animation,200000000,96.0,2009,11,325233863
754,Science Fiction,70000000,91.0,2009,11,104945765
1316,Drama,10000000,110.0,2009,11,47536959
1362,Drama,29000000,129.0,2009,11,309208309
1389,Comedy,35000000,88.0,2009,11,92219310
1931,Adventure,32000000,111.0,2009,11,27635305
1944,Comedy,25000000,114.0,2009,11,2336172
0,Action,237000000,162.0,2009,12,2787965087
269,Romance,105000000,97.0,2009,12,267045765
327,Fantasy,65000000,136.0,2009,12,93525586
356,Action,90000000,128.0,2009,12,524028679
397,Comedy,85000000,121.0,2009,12,219103655
482,Drama,80000000,112.0,2009,12,53825515
578,Comedy,75000000,88.0,2009,12,443140005
749,Drama,60000000,134.0,2009,12,122233971
797,Comedy,58000000,103.0,2009,12,85280250
449,Action,80000000,118.0,2010,1,157107755
758,Crime,80000000,117.0,2010,1,74901339
1232,Comedy,40000000,102.0,2010,1,58785180
1544,Drama,31000000,105.0,2010,1,15134293
1733,Action,28000000,94.0,2010,1,45236543
1791,Horror,26000000,100.0,2010,1,67918658
135,Drama,150000000,102.0,2010,2,0
341,Adventure,95000000,118.0,2010,2,226497209
439,Drama,80000000,138.0,2010,2,294804195
887,Comedy,52000000,125.0,2010,2,216485654
893,Action,52000000,92.0,2010,2,52826594
1092,Thriller,45000000,128.0,2010,2,60222298
1334,Action,30000000,107.0,2010,2,55583804
1891,Drama,25000000,115.0,2010,2,114977104
32,na,200000000,108.0,2010,3,1025491110
92,Fantasy,165000000,98.0,2010,3,494878759
312,na,100000000,115.0,2010,3,94882889
1104,Action,40000000,110.0,2010,3,136000000
1344,Science Fiction,36000000,101.0,2010,3,64572262
1420,Comedy,35000000,109.0,2010,3,93246388
1517,Action,32000000,111.0,2010,3,18409891
1720,Action,28000000,117.0,2010,3,96188903
1951,na,25000000,85.0,2010,3,6500000
79,Adventure,200000000,124.0,2010,4,623933331
206,Adventure,125000000,106.0,2010,4,232713139
819,Comedy,55000000,97.0,2010,4,152263880
1400,Comedy,35000000,106.0,2010,4,77477008
1436,Comedy,35000000,92.0,2010,4,39340177
1892,Action,25000000,97.0,2010,4,23580000
21,Action,200000000,140.0,2010,5,310669540
50,Adventure,150000000,116.0,2010,5,335154643
86,Comedy,165000000,93.0,2010,5,752600867
323,Comedy,100000000,146.0,2010,5,288347692
991,Drama,22000000,108.0,2010,5,24188922
1117,Drama,44000000,99.0,2010,5,48190704
1591,Comedy,30000000,105.0,2010,5,0
42,Animation,200000000,103.0,2010,6,1066969703
138,Action,150000000,103.0,2010,6,318502923
227,Action,117000000,109.0,2010,6,261930431
520,Comedy,80000000,102.0,2010,6,271430189
530,Action,75000000,100.0,2010,6,98159963
612,Adventure,68000000,124.0,2010,6,698491347
966,na,50000000,87.0,2010,6,83761844
1035,Action,47000000,80.0,2010,6,10539000
1189,Comedy,40000000,109.0,2010,6,90029656
1949,Drama,0,117.0,2010,6,0
96,Action,160000000,148.0,2010,7,825532764
103,Fantasy,150000000,109.0,2010,7,215283742
188,Action,110000000,100.0,2010,7,293329073
302,Animation,80000000,97.0,2010,7,140073390
411,Action,60000000,112.0,2010,7,47664559
418,Comedy,85000000,82.0,2010,7,112483764
614,Animation,69000000,95.0,2010,7,543513985
623,Comedy,69000000,114.0,2010,7,86387857
1201,Action,40000000,107.0,2010,7,126248813
109,Adventure,155000000,113.0,2010,8,415686217
285,Action,100000000,107.0,2010,8,170432927
424,Thriller,80000000,103.0,2010,8,274470394
709,Drama,60000000,133.0,2010,8,204594016
1381,Drama,35000000,123.0,2010,8,60251371
1503,Action,32000000,107.0,2010,8,69055695
1601,Drama,30000000,107.0,2010,8,159291809
1947,Animation,0,88.0,2010,8,0
1981,Comedy,24000000,88.0,2010,8,83188165
588,Drama,70000000,133.0,2010,9,134748021
799,Action,60000000,97.0,2010,9,300228084
1161,Drama,40000000,120.0,2010,9,224920315
1328,Crime,37000000,125.0,2010,9,154026136
1526,Comedy,32000000,102.0,2010,9,42045846
1915,Crime,25000000,122.0,2010,9,15478800
196,Animation,130000000,95.0,2010,10,321887208
711,Action,58000000,111.0,2010,10,71664962
967,Drama,50000000,129.0,2010,10,105197635
1462,Drama,0,148.0,2010,10,25147786
1659,Comedy,30000000,134.0,2010,10,8454301
1676,Animation,0,93.0,2010,10,0
1905,Drama,25000000,107.0,2010,10,19829957
1948,Comedy,25000000,154.0,2010,10,48531470
6,Animation,260000000,100.0,2010,11,591794936
344,Action,100000000,98.0,2010,11,167805466
381,Fantasy,90000000,110.0,2010,11,16178959
641,Comedy,65000000,95.0,2010,11,211780824
860,Drama,55000000,119.0,2010,11,89519773
1632,Romance,30000000,133.0,2010,11,51148651
1638,Drama,30000000,112.0,2010,11,102820008
1893,Fantasy,25000000,99.0,2010,11,36993168
1986,Crime,24000000,98.0,2010,11,23081726
39,Adventure,170000000,125.0,2010,12,400062763
226,Comedy,120000000,121.0,2010,12,48668907
251,Comedy,112000000,85.0,2010,12,237382724
284,Comedy,100000000,98.0,2010,12,310650585
295,Action,100000000,103.0,2010,12,278731369
458,Comedy,80000000,80.0,2010,12,201584141
1139,Adventure,42000000,100.0,2010,12,11087569
1365,Drama,38000000,110.0,2010,12,252276927
252,Action,120000000,119.0,2011,1,227817248
593,Comedy,70000000,111.0,2011,1,67112664
1118,Action,40000000,93.0,2011,1,51070807
1351,Drama,37000000,114.0,2011,1,96047633
1835,Comedy,25000000,107.0,2011,1,147780440
406,Drama,0,97.0,2011,2,0
445,Romance,80000000,117.0,2011,2,214918407
619,Comedy,36000000,105.0,2011,2,83160734
939,Action,50000000,109.0,2011,2,144492830
1000,Fantasy,50000000,105.0,2011,2,28931401
1195,Action,30000000,113.0,2011,2,130786397
1217,Adventure,40000000,104.0,2011,2,97552050
1505,Crime,32000000,107.0,2011,2,83615414
1628,Action,30000000,108.0,2011,2,108609310
141,Adventure,150000000,88.0,2011,3,38992758
178,Animation,135000000,107.0,2011,3,245724603
547,Action,82000000,110.0,2011,3,89792502
582,Action,70000000,116.0,2011,3,202466756
686,Animation,63000000,95.0,2011,3,183953723
900,Science Fiction,50200000,106.0,2011,3,127869379
1132,Fantasy,42000000,100.0,2011,3,89162162
1194,Crime,40000000,119.0,2011,3,85412898
1305,Drama,38000000,120.0,2011,3,114156230
1360,Drama,0,112.0,2011,3,0
1506,Thriller,32000000,93.0,2011,3,147332697
1953,Romance,25000000,121.0,2011,3,0
129,Adventure,150000000,115.0,2011,4,449326618
204,Action,125000000,130.0,2011,4,626137675
374,Animation,90000000,96.0,2011,4,484635760
986,Comedy,49900000,102.0,2011,4,26121638
1219,Horror,40000000,111.0,2011,4,97138686
1499,Comedy,32500000,125.0,2011,4,288383523
1610,Action,30000000,111.0,2011,4,63782078
1620,Animation,30000000,63.0,2011,4,14460000
1656,Comedy,30000000,86.0,2011,4,13521829
17,Adventure,380000000,136.0,2011,5,1045713802
101,Action,160000000,132.0,2011,5,353624124
137,Animation,150000000,91.0,2011,5,665692281
427,Comedy,80000000,102.0,2011,5,254455986
768,Action,60000000,87.0,2011,5,78309131
1401,Comedy,35000000,112.0,2011,5,59901913
1446,Drama,32000000,139.0,2011,5,54674226
1579,Fantasy,30000000,94.0,2011,5,151119219
40,Animation,200000000,106.0,2011,6,559852396
41,Adventure,200000000,114.0,2011,6,219851172
52,Action,195000000,154.0,2011,6,1123746996
835,Comedy,55000000,94.0,2011,6,187361754
908,Thriller,50000000,112.0,2011,6,260095987
1612,Comedy,30000000,98.0,2011,6,36160375
169,Action,140000000,124.0,2011,7,370569774
254,Animation,110000000,103.0,2011,7,563749323
460,Comedy,80000000,102.0,2011,7,169852759
925,Comedy,50000000,118.0,2011,7,142851197
1245,Action,40000000,108.0,2011,7,60965854
1364,Comedy,35000000,98.0,2011,7,117000000
1384,Romance,35000000,109.0,2011,7,150483765
1672,Adventure,30000000,125.0,2011,7,108348
335,Thriller,93000000,105.0,2011,8,482860185
389,Adventure,75000000,110.0,2011,8,132274484
890,Comedy,52000000,112.0,2011,8,75450437
1224,Horror,47000000,92.0,2011,8,157887643
1648,Horror,17000000,106.0,2011,8,24922237
1721,Action,28000000,83.0,2011,8,40547440
1769,na,27000000,89.0,2011,8,85564310
1819,Drama,25000000,146.0,2011,8,124272124
257,Action,110000000,127.0,2011,9,299268508
600,Action,66000000,116.0,2011,9,57777106
720,Drama,60000000,106.0,2011,9,137551594
928,Drama,50000000,133.0,2011,9,110206216
987,Drama,50000000,84.0,2011,9,38502340
1100,Crime,45000000,101.0,2011,9,160078586
1336,Drama,37000000,113.0,2011,9,95404397
1425,Thriller,35000000,106.0,2011,9,82087155
1675,Action,30000000,129.0,2011,9,2527904
1911,Horror,28000000,91.0,2011,9,10126458
1920,Action,25000000,140.0,2011,9,23057115
1928,Drama,25000000,110.0,2011,9,10324441
1940,Comedy,25000000,80.0,2011,9,27603069
1980,Romance,24000000,89.0,2011,9,30551495
1994,Drama,12500000,101.0,2011,9,75993061
187,Action,130000000,90.0,2011,10,554987477
190,Adventure,130000000,107.0,2011,10,371940071
1147,Comedy,41000000,100.0,2011,10,7448385
1287,Adventure,25000000,90.0,2011,10,0
1399,Action,40000000,109.0,2011,10,173930596
1760,Drama,30000000,130.0,2011,10,15395087
69,Adventure,170000000,126.0,2011,11,185770160
173,Animation,130000000,100.0,2011,11,150406466
205,Adventure,125000000,129.0,2011,11,334615000
394,Action,75000000,104.0,2011,11,152930623
499,Comedy,79000000,91.0,2011,11,149673788
537,Fantasy,75000000,110.0,2011,11,226904017
1055,Comedy,45000000,103.0,2011,11,165184237
1409,Drama,35000000,137.0,2011,11,84606030
153,Action,145000000,133.0,2011,12,694713380
317,Drama,94000000,145.0,2011,12,95311434
354,Thriller,90000000,158.0,2011,12,232617430
435,Comedy,75000000,87.0,2011,12,342695435
585,Drama,66000000,146.0,2011,12,177584879
805,Action,57000000,95.0,2011,12,149217355
921,Drama,50000000,124.0,2011,12,120081841
1231,Drama,40000000,129.0,2011,12,55247881
1482,Horror,30000000,89.0,2011,12,64626786
1798,Comedy,56000000,118.0,2011,12,142044638
1879,Comedy,25000000,81.0,2011,12,34942188
495,Adventure,79000000,94.0,2012,1,355692760
597,Fantasy,70000000,88.0,2012,1,160112671
800,Drama,58000000,125.0,2012,1,50365377
1137,Action,40000000,91.0,2012,1,36893721
1146,Action,42000000,102.0,2012,1,46221189
1755,Comedy,0,117.0,2012,1,0
1844,Action,25000000,117.0,2012,1,77278331
1853,Thriller,25000000,109.0,2012,1,63100000
392,Action,85000000,115.0,2012,2,208076205
653,Action,65000000,103.0,2012,2,156974557
1263,Adventure,40000000,107.0,2012,2,24719215
1493,Comedy,35000000,98.0,2012,2,24159934
1543,Drama,30000000,104.0,2012,2,196114570
4,Action,260000000,132.0,2012,3,284139100
132,Adventure,150000000,99.0,2012,3,301000000
410,Adventure,85000000,106.0,2012,3,183018522
426,Science Fiction,75000000,142.0,2012,3,691210692
848,Animation,60000000,88.0,2012,3,118338361
1119,Action,42000000,109.0,2012,3,201585328
1276,Drama,40000000,91.0,2012,3,22044277
1800,Crime,26000000,111.0,2012,3,29657751
16,Science Fiction,220000000,143.0,2012,4,1519557910
27,Thriller,209000000,131.0,2012,4,303025485
949,Comedy,50000000,113.0,2012,4,234989584
1488,Action,30000000,94.0,2012,4,40346186
1593,Comedy,30000000,92.0,2012,4,54819301
1605,Horror,30000000,95.0,2012,4,66486080
1630,Comedy,30000000,124.0,2012,4,53909751
1840,Drama,25000000,101.0,2012,4,99357138
18,Action,225000000,106.0,2012,5,624026776
80,Adventure,170000000,127.0,2012,5,396600000
133,Comedy,150000000,113.0,2012,5,245527149
220,Science Fiction,130000000,124.0,2012,5,403170142
649,Comedy,65000000,83.0,2012,5,179379533
1329,Romance,40000000,110.0,2012,5,79700000
1470,Action,35000000,96.0,2012,5,2106557
1958,Adventure,25000000,137.0,2012,5,8784318
20,Action,215000000,136.0,2012,6,752215857
55,Animation,185000000,93.0,2012,6,538983207
146,Animation,145000000,93.0,2012,6,746921274
325,Animation,95000000,88.0,2012,6,877244782
598,Comedy,75000000,123.0,2012,6,59418613
624,Action,69000000,94.0,2012,6,112265139
802,Comedy,70000000,116.0,2012,6,58058367
903,Comedy,50000000,106.0,2012,6,549368315
1101,Animation,65000000,87.0,2012,6,73706
3,Action,250000000,165.0,2012,7,1084939099
843,Comedy,68000000,98.0,2012,7,68267862
1075,Crime,45000000,131.0,2012,7,82966152
1483,na,33000000,99.0,2012,7,140470746
209,Action,130000000,120.0,2012,8,276572938
290,Action,100000000,103.0,2012,8,312573423
321,Comedy,0,85.0,2012,8,104907746
730,na,60000000,90.0,2012,8,107139399
1206,Fantasy,0,105.0,2012,8,51854875
1431,Crime,35000000,91.0,2012,8,31083599
1571,Drama,30000000,100.0,2012,8,114281051
1926,Horror,14000000,92.0,2012,8,85446075
390,Animation,85000000,91.0,2012,9,358375603
415,Action,50000000,95.0,2012,9,41037742
657,Action,65000000,95.0,2012,9,240159255
757,Drama,0,111.0,2012,9,0
1007,Drama,0,130.0,2012,9,68929150
1041,Action,45000000,91.0,2012,9,376141306
1255,Thriller,42000000,113.0,2012,9,180274123
1323,Drama,32000000,137.0,2012,9,28258060
1437,Action,30000000,93.0,2012,9,0
1568,Action,30000000,118.0,2012,9,47042000
29,Action,200000000,143.0,2012,10,1108561013
301,Drama,102000000,172.0,2012,10,130482868
1102,Drama,44500000,120.0,2012,10,232324128
1126,Comedy,0,105.0,2012,10,73100172
1293,Animation,39000000,87.0,2012,10,35287788
1417,Action,45000000,101.0,2012,10,30353232
1919,Comedy,0,104.0,2012,10,0
89,na,165000000,108.0,2012,11,471222889
98,Adventure,250000000,169.0,2012,11,1021103568
154,Fantasy,145000000,97.0,2012,11,306941670
172,Adventure,120000000,115.0,2012,11,829000000
216,Adventure,120000000,127.0,2012,11,609016565
633,na,65000000,149.0,2012,11,275293450
1475,Comedy,35000000,106.0,2012,11,0
1530,Drama,31000000,138.0,2012,11,161772375
1942,Fantasy,0,91.0,2012,11,34153101
287,Drama,100000000,165.0,2012,12,425368238
637,Drama,61000000,157.0,2012,12,441809770
717,Crime,60000000,130.0,2012,12,218340595
884,Thriller,40000000,157.0,2012,12,132820716
1218,Comedy,40000000,95.0,2012,12,41863726
1388,Comedy,35000000,134.0,2012,12,88058786
1834,Comedy,25000000,104.0,2012,12,119772232
747,Crime,60000000,113.0,2013,1,105200903
866,Action,55000000,92.0,2013,1,9489829
937,Fantasy,50000000,88.0,2013,1,224803475
1304,Action,3860000,130.0,2013,1,64076736
1429,Thriller,56000000,109.0,2013,1,19701164
1434,Action,35000000,118.0,2013,1,46216641
1567,Horror,35000000,97.0,2013,1,116980662
1653,Action,30000000,107.0,2013,1,0
1945,Drama,13500000,124.0,2013,1,19255873
48,Action,195000000,114.0,2013,2,197687603
337,Action,92000000,98.0,2013,2,304654182
995,Fantasy,60000000,124.0,2013,2,60052138
1198,Animation,40000000,89.0,2013,2,74597643
1368,Comedy,35000000,111.0,2013,2,173965010
1618,Thriller,30000000,106.0,2013,2,63372757
1717,Romance,28000000,115.0,2013,2,97594140
37,Fantasy,200000000,130.0,2013,3,491868548
166,Adventure,130000000,110.0,2013,3,371876278
234,Adventure,135000000,98.0,2013,3,585178928
580,Action,70000000,120.0,2013,3,161025640
972,Action,44000000,125.0,2013,3,63327201
1520,Comedy,30000000,100.0,2013,3,27437881
1664,Thriller,0,118.0,2013,3,18074539
31,Action,200000000,130.0,2013,4,1215439994
228,Action,120000000,124.0,2013,4,286168572
1169,Drama,40000000,128.0,2013,4,95020213
1504,Comedy,35000000,90.0,2013,4,21819348
1792,Thriller,25000000,130.0,2013,4,86175291
47,Action,190000000,132.0,2013,5,467365246
49,Drama,105000000,143.0,2013,5,351040419
193,Science Fiction,130000000,100.0,2013,5,243843127
294,Animation,100000000,102.0,2013,5,268426634
519,Thriller,75000000,115.0,2013,5,117698894
14,Action,225000000,143.0,2013,6,662845518
34,Animation,200000000,104.0,2013,6,743559607
45,Action,200000000,116.0,2013,6,531865000
140,Action,150000000,131.0,2013,6,205366737
506,Animation,76000000,98.0,2013,6,970761885
605,Animation,70000000,88.0,2013,6,18662027
798,Comedy,58000000,119.0,2013,6,44000000
1124,Action,43000000,117.0,2013,6,158674180
1500,Action,32000000,107.0,2013,6,126041322
13,Action,255000000,149.0,2013,7,89289910
51,Action,180000000,131.0,2013,7,407602906
177,Animation,135000000,96.0,2013,7,282570682
198,Fantasy,130000000,96.0,2013,7,61648500
232,Action,120000000,126.0,2013,7,415440673
258,Fantasy,105000000,105.0,2013,7,347434178
433,Action,84000000,116.0,2013,7,0
436,Comedy,80000000,100.0,2013,7,246984278
1740,Action,28000000,103.0,2013,7,60700000
222,Science Fiction,115000000,109.0,2013,8,286140700
368,Adventure,90000000,106.0,2013,8,174578751
700,Action,61000000,109.0,2013,8,131940411
777,Action,60000000,130.0,2013,8,90565421
1286,Action,39200000,126.0,2013,8,86758912
1340,Comedy,37000000,110.0,2013,8,269994119
1547,Drama,25000000,132.0,2013,8,115922175
1873,Thriller,25500000,128.0,2013,8,2415472
239,Science Fiction,105000000,91.0,2013,9,716392705
496,Animation,78000000,95.0,2013,9,248384621
1051,Drama,46000000,153.0,2013,9,122126687
1319,Science Fiction,38000000,119.0,2013,9,98337295
1332,Drama,38000000,123.0,2013,9,90247624
1660,Crime,30000000,91.0,2013,9,62616646
1709,Animation,30000000,115.0,2013,9,17137302
126,Action,170000000,112.0,2013,10,644571402
260,Science Fiction,110000000,114.0,2013,10,125537191
609,Action,50000000,115.0,2013,10,122915111
818,Action,55000000,134.0,2013,10,95000000
837,Animation,55000000,91.0,2013,10,110000000
1509,Adventure,33000000,105.0,2013,10,9494789
1613,Drama,30000000,100.0,2013,10,82394288
1712,Comedy,28000000,105.0,2013,10,134402450
1820,Drama,28000000,128.0,2013,10,8555008
1952,Thriller,25000000,117.0,2013,10,71009334
124,Animation,150000000,102.0,2013,11,1274219009
183,Adventure,130000000,146.0,2013,11,847423452
1386,Comedy,35000000,125.0,2013,11,112544580
22,Adventure,250000000,161.0,2013,12,958400000
84,Drama,175000000,119.0,2013,12,150962475
298,Crime,100000000,180.0,2013,12,392000694
349,Adventure,90000000,114.0,2013,12,188133322
479,Animation,80000000,87.0,2013,12,126546518
906,Comedy,50000000,119.0,2013,12,173649015
1149,Drama,40000000,138.0,2013,12,251171807
1158,Action,40000000,121.0,2013,12,149295601
1297,Comedy,40000000,113.0,2013,12,44907260
1476,Drama,35000000,141.0,2013,12,27330000
1481,na,34000000,85.0,2013,12,0
1843,Comedy,0,100.0,2013,12,0
1885,Comedy,25000000,121.0,2013,12,74188937
1997,Romance,23000000,126.0,2013,12,47351251
1999,Fantasy,25000000,99.0,2013,12,6399
224,Action,120000000,102.0,2014,1,242688965
586,na,70000000,118.0,2014,1,154984035
610,Action,70000000,99.0,2014,1,61279452
666,Horror,65000000,92.0,2014,1,71154592
737,Action,60000000,105.0,2014,1,50549107
930,Action,50000000,106.0,2014,1,222809600
1580,Animation,0,85.0,2014,1,0
1822,Thriller,26000000,127.0,2014,1,0
1830,Action,25000000,99.0,2014,1,153997819
144,Animation,145000000,92.0,2014,2,272912430
491,Action,130000000,105.0,2014,2,117831631
744,Adventure,60000000,100.0,2014,2,469160692
776,Drama,60000000,118.0,2014,2,30800231
1532,Comedy,30000000,99.0,2014,2,174600318
1727,Action,28000000,113.0,2014,2,52597999
85,Action,170000000,136.0,2014,3,714766572
189,Drama,125000000,139.0,2014,3,362637473
202,Animation,103000000,102.0,2014,3,500188435
253,Action,110000000,102.0,2014,3,337580051
400,Adventure,85000000,139.0,2014,3,288747895
629,Action,66000000,130.0,2014,3,203277636
858,Comedy,50000000,112.0,2014,3,80383290
1448,Action,35000000,110.0,2014,3,17508518
1956,Action,25000000,100.0,2014,3,0
38,Action,200000000,142.0,2014,4,705717432
333,Thriller,100000000,119.0,2014,4,103039258
1185,Comedy,40000000,109.0,2014,4,196781193
1742,Action,28000000,90.0,2014,4,68896829
1913,Drama,25000000,109.0,2014,4,28831145
46,Action,250000000,131.0,2014,5,747862775
74,Action,178000000,113.0,2014,5,370541256
81,Fantasy,180000000,97.0,2014,5,758539785
1071,Comedy,40000000,117.0,2014,5,123494610
1229,Comedy,0,116.0,2014,5,0
1306,Adventure,40000000,88.0,2014,5,0
1679,Romance,30000000,103.0,2014,5,0
1863,Drama,25000000,124.0,2014,5,38307627
36,Science Fiction,210000000,165.0,2014,6,1091405097
82,Science Fiction,170000000,130.0,2014,6,710644566
160,Fantasy,145000000,102.0,2014,6,609123048
911,Crime,50000000,112.0,2014,6,188441614
1208,na,40000000,134.0,2014,6,67347013
1678,Drama,27000000,110.0,2014,6,0
1963,Comedy,24000000,105.0,2014,6,70181428
94,Action,170000000,121.0,2014,7,773328629
304,Action,100000000,99.0,2014,7,243400000
1153,Action,40000000,89.0,2014,7,126546825
1222,Comedy,40000000,97.0,2014,7,126069509
1627,Thriller,30000000,118.0,2014,7,0
238,Science Fiction,125000000,101.0,2014,8,477200000
307,Action,90000000,127.0,2014,8,206172544
669,Crime,65000000,102.0,2014,8,39407616
951,Action,50000000,89.0,2014,8,160602194
1623,Drama,0,139.0,2014,8,31911598
1864,Drama,25000000,94.0,2014,8,66980456
742,Animation,60000000,97.0,2014,9,108255770
821,Thriller,55000000,132.0,2014,9,192330738
1345,na,36000000,107.0,2014,9,52424533
1465,Action,34000000,113.0,2014,9,348319861
1781,Crime,28000000,113.0,2014,9,53181600
1824,Thriller,0,100.0,2014,9,0
88,Adventure,165000000,102.0,2014,10,652105443
456,na,68000000,135.0,2014,10,211817906
589,Horror,70000000,92.0,2014,10,215529201
693,na,61000000,145.0,2014,10,369330363
942,Romance,50000000,95.0,2014,10,97437106
954,Drama,50000000,141.0,2014,10,83719388
1723,na,28000000,81.0,2014,10,100654149
1816,Drama,26000000,117.0,2014,10,35926213
1955,Crime,25000000,100.0,2014,10,0
95,Adventure,165000000,169.0,2014,11,675120017
179,na,132000000,92.0,2014,11,373552094
200,Science Fiction,125000000,123.0,2014,11,752100229
842,na,55000000,95.0,2014,11,259207227
1171,Comedy,40000000,110.0,2014,11,169837010
1197,Comedy,42000000,108.0,2014,11,107670357
19,Action,250000000,144.0,2014,12,956019788
157,Adventure,140000000,150.0,2014,12,268031828
195,Adventure,127000000,97.0,2014,12,349424282
331,Adventure,95000000,102.0,2014,12,114178613
642,Drama,65000000,137.0,2014,12,163442937
651,Comedy,65000000,119.0,2014,12,133821816
790,na,58800000,133.0,2014,12,542307423
917,Fantasy,50000000,125.0,2014,12,212902372
1020,Thriller,48000000,109.0,2014,12,325771424
1138,Action,44000000,112.0,2014,12,12342632
1884,Thriller,25000000,111.0,2014,12,39171130
606,Crime,70000000,133.0,2015,1,17752940
783,Comedy,60000000,106.0,2015,1,30418560
1674,Thriller,30000000,92.0,2015,1,0
61,Science Fiction,176000003,124.0,2015,2,183987723
83,Action,27000000,109.0,2015,2,0
569,Animation,74000000,93.0,2015,2,311594032
652,Romance,50100000,105.0,2015,2,153962963
678,Action,65000000,127.0,2015,2,121545703
1154,Drama,40000000,125.0,2015,2,571006128
1278,Action,40000000,115.0,2015,2,13644292
1806,Romance,26000000,100.0,2015,2,0
184,Fantasy,135000000,94.0,2015,3,368871007
249,Adventure,110000000,119.0,2015,3,295238201
326,Romance,95000000,105.0,2015,3,543514353
982,Action,50000000,114.0,2015,3,71561644
1008,Crime,49000000,120.0,2015,3,104399548
1013,Crime,50000000,137.0,2015,3,3324330
1166,Comedy,40000000,100.0,2015,3,111811453
1466,Comedy,35000000,91.0,2015,3,14431253
7,Action,280000000,141.0,2015,4,1405403694
44,Action,190000000,137.0,2015,4,1506249360
1142,Adventure,0,100.0,2015,4,0
1310,Action,38000000,94.0,2015,4,107597242
1472,Drama,34000000,128.0,2015,4,63013281
1599,Fantasy,25000000,112.0,2015,4,65663276
87,Adventure,190000000,130.0,2015,5,209154322
127,Action,150000000,120.0,2015,5,378858340
244,Action,110000000,114.0,2015,5,470490832
1348,Drama,37000000,105.0,2015,5,26250020
1432,Action,35000000,87.0,2015,5,51680201
1683,Comedy,29000000,115.0,2015,5,287506194
28,Action,150000000,124.0,2015,6,1513528810
77,Drama,175000000,94.0,2015,6,857611174
108,Science Fiction,155000000,126.0,2015,6,440603537
546,na,74000000,91.0,2015,6,1156730962
616,Comedy,68000000,115.0,2015,6,217022588
1597,Action,30000000,123.0,2015,6,91709827
134,Action,150000000,131.0,2015,7,682330139
182,Science Fiction,130000000,117.0,2015,7,519311965
362,Action,88000000,105.0,2015,7,243637091
501,Adventure,64000000,92.0,2015,7,97571250
1290,Action,40000000,159.0,2015,7,100000000
1371,Comedy,35000000,125.0,2015,7,140795793
1536,Comedy,31000000,99.0,2015,7,104384188
1808,Science Fiction,26000000,116.0,2015,7,30523226
242,Action,120000000,100.0,2015,8,167977596
531,Comedy,75000000,116.0,2015,8,108145109
791,Adventure,58000000,103.0,2015,8,158162788
1696,Drama,28000000,147.0,2015,8,201634991
1917,Drama,25000000,120.0,2015,8,24902723
143,Adventure,150000000,111.0,2015,9,128388320
270,Drama,108000000,141.0,2015,9,630161890
464,Animation,80000000,89.0,2015,9,473226958
474,na,0,81.0,2015,9,0
671,Adventure,55000000,121.0,2015,9,203427584
708,Action,61000000,132.0,2015,9,311256926
877,Crime,53000000,122.0,2015,9,98837872
1173,Comedy,35000000,121.0,2015,9,194564672
1452,Adventure,35000000,123.0,2015,9,61181942
1596,Action,30000000,121.0,2015,9,84025816
1736,Comedy,28000000,108.0,2015,9,7002261
1909,Crime,25000000,131.0,2015,9,42972994
2,Action,245000000,148.0,2015,10,880674609
486,Fantasy,90000000,106.0,2015,10,146936910
492,Comedy,8000000,89.0,2015,10,0
1187,Thriller,40000000,141.0,2015,10,165478348
54,Adventure,175000000,93.0,2015,11,331926147
102,Action,160000000,137.0,2015,11,653428261
310,Thriller,100000000,122.0,2015,11,93820758
313,Animation,99000000,88.0,2015,11,246233113
1111,Drama,40000000,109.0,2015,11,34227298
1327,Drama,37000000,133.0,2015,11,173567581
1419,Crime,8900000,93.0,2015,11,4100000
1424,Drama,35000000,123.0,2015,11,50363790
1680,Fantasy,30000000,85.0,2015,11,0
176,na,135000000,156.0,2015,12,532950503
308,Action,105000000,114.0,2015,12,133718711
359,Adventure,0,92.0,2015,12,233755553
684,Crime,44000000,167.0,2015,12,155760117
738,Drama,60000000,124.0,2015,12,101134059
796,Comedy,60000000,119.0,2015,12,0
916,Comedy,50000000,96.0,2015,12,242786137
1357,Action,36000000,105.0,2015,12,156844753
1704,Comedy,28000000,130.0,2015,12,133346506
152,Action,145000000,95.0,2016,1,521170825
621,Action,80000000,114.0,2016,1,52099090
786,Action,68490000,120.0,2016,1,193677158
941,Action,50000000,144.0,2016,1,69411370
1174,Action,40000000,102.0,2016,1,124827316
1326,Adventure,38000000,112.0,2016,1,109906372
1335,Comedy,38000000,110.0,2016,1,112343513
1962,Action,25000000,98.0,2016,1,1397284
161,Fantasy,140000000,127.0,2016,2,150680864
788,Action,58000000,108.0,2016,2,783112979
997,Comedy,50000000,100.0,2016,2,55969000
1737,Romance,28000000,108.0,2016,2,16374328
1888,Comedy,23000000,106.0,2016,2,46152800
9,Action,250000000,151.0,2016,3,873260194
256,Adventure,110000000,121.0,2016,3,179246868
739,Action,60000000,99.0,2016,3,205754447
26,Adventure,250000000,147.0,2016,4,1153304495
78,na,175000000,106.0,2016,4,966550600
237,Action,115000000,114.0,2016,4,164602163
1528,Action,31500000,113.0,2016,4,14708696
1690,Comedy,29000000,91.0,2016,4,78636257
64,Science Fiction,178000000,144.0,2016,5,543934787
105,Fantasy,170000000,113.0,2016,5,299370084
107,Action,160000000,123.0,2016,5,433677183
550,na,73000000,97.0,2016,5,349779543
1160,Horror,40000000,134.0,2016,5,320170008
1385,Comedy,35000000,91.0,2016,5,108758521
1700,Comedy,29000000,110.0,2016,5,48902953
1770,Thriller,27000000,98.0,2016,5,93282604
62,Action,180000000,109.0,2016,6,356743061
91,Action,165000000,120.0,2016,6,389681935
175,Adventure,140000000,120.0,2016,6,183345589
241,Fantasy,135000000,112.0,2016,6,245623848
370,Action,90000000,129.0,2016,6,334901337
504,Animation,75000000,87.0,2016,6,875958308
914,Action,50000000,107.0,2016,6,216972543
979,na,50000000,139.0,2016,6,25035950
56,Action,185000000,122.0,2016,7,343471816
97,Action,15000000,120.0,2016,7,77000000
148,Action,144000000,116.0,2016,7,229147509
218,Action,120000000,123.0,2016,7,415484914
1038,Crime,25000000,127.0,2016,7,15436808
1682,Adventure,19000000,83.0,2016,7,140752617
72,Action,175000000,123.0,2016,8,745000000
357,Drama,100000000,125.0,2016,8,94061311
